rows,valid_predictions,parse_failures,parse_failure_rate,accuracy,balanced_accuracy,macro_f1,hate_precision,hate_recall,fnr,fpr,predicted_hate_rate,balanced_error,max_failure_rate,tn,fp,fn,tp,system,display_name
250,250,0,0.0,0.736,0.736,0.7304097771387491,0.8314606741573034,0.592,0.408,0.12,0.356,0.264,0.408,110,15,51,74,normalization_char_tfidf_mlp,Normalization + Char MLP
250,250,0,0.0,0.668,0.6679999999999999,0.6670998379618488,0.6521739130434783,0.72,0.28,0.384,0.552,0.332,0.384,77,48,35,90,qwen_lora_normalized_calibrated,Qwen final
250,250,0,0.0,0.552,0.552,0.49498593175095595,0.5311004784688995,0.888,0.112,0.784,0.836,0.448,0.784,27,98,14,111,qwen_raw_uncalibrated,Qwen raw
250,250,0,0.0,0.82,0.8200000000000001,0.8181818181818181,0.9,0.72,0.28,0.08,0.4,0.18000000000000002,0.28,115,10,35,90,chatgpt_free,ChatGPT Free UI
250,250,0,0.0,0.892,0.8919999999999999,0.8914982880841009,0.9537037037037037,0.824,0.176,0.04,0.432,0.108,0.176,120,5,22,103,gemini_free,Gemini Free UI
250,250,0,0.0,0.832,0.8320000000000001,0.8309178743961353,0.7862068965517242,0.912,0.088,0.248,0.58,0.16799999999999998,0.248,94,31,11,114,claude_free,Claude Free UI
250,250,0,0.0,0.796,0.796,0.7945503472501974,0.7534246575342466,0.88,0.12,0.288,0.584,0.204,0.288,89,36,15,110,grok_free,Grok Free UI
