rows,valid_predictions,parse_failures,parse_failure_rate,accuracy,balanced_accuracy,macro_f1,hate_precision,hate_recall,fnr,fpr,predicted_hate_rate,balanced_error,max_failure_rate,tn,fp,fn,tp,system,split,variant,variant_label,balanced_accuracy_drop_from_clean
50,50,0,0.0,0.88,0.88,0.8798076923076923,0.8518518518518519,0.92,0.08,0.16,0.54,0.12,0.16,21,4,2,23,grok_free,test,clean,Clean,0.0
50,50,0,0.0,0.88,0.88,0.8798076923076923,0.8518518518518519,0.92,0.08,0.16,0.54,0.12,0.16,21,4,2,23,grok_free,test,romanized_35,Romanized 35,0.0
50,50,0,0.0,0.78,0.78,0.7799119647859143,0.7692307692307693,0.8,0.2,0.24,0.52,0.22,0.24,19,6,5,20,grok_free,test,romanized_70,Romanized 70,0.09999999999999998
50,50,0,0.0,0.74,0.74,0.7348021215830274,0.6875,0.88,0.12,0.4,0.64,0.26,0.4,15,10,3,22,grok_free,test,roman_glyph_35,Roman+Glyph 35,0.14
50,50,0,0.0,0.7,0.7,0.6899545266639107,0.6470588235294118,0.88,0.12,0.48,0.68,0.3,0.48,13,12,3,22,grok_free,test,roman_glyph_70,Roman+Glyph 70,0.18000000000000005
