rows,valid_predictions,parse_failures,parse_failure_rate,accuracy,balanced_accuracy,macro_f1,hate_precision,hate_recall,fnr,fpr,predicted_hate_rate,balanced_error,max_failure_rate,tn,fp,fn,tp,system,split,variant,variant_label,balanced_accuracy_drop_from_clean
500,500,0,0.0,0.788,0.788,0.7863454592363261,0.8495145631067961,0.7,0.3,0.124,0.412,0.212,0.3,219,31,75,175,koelectra_small,test,clean,Clean,0.0
500,500,0,0.0,0.694,0.694,0.6939008238669329,0.7012448132780082,0.676,0.324,0.288,0.482,0.306,0.324,178,72,81,169,koelectra_small,test,romanized_35,Romanized 35,0.09400000000000008
500,500,0,0.0,0.618,0.618,0.6060734807017254,0.6809815950920245,0.444,0.556,0.208,0.326,0.382,0.556,198,52,139,111,koelectra_small,test,romanized_70,Romanized 70,0.17000000000000004
500,500,0,0.0,0.652,0.652,0.6299698872046139,0.796875,0.408,0.592,0.104,0.256,0.348,0.592,224,26,148,102,koelectra_small,test,roman_glyph_35,Roman+Glyph 35,0.136
500,500,0,0.0,0.544,0.544,0.4440543071161049,0.7894736842105263,0.12,0.88,0.032,0.076,0.456,0.88,242,8,220,30,koelectra_small,test,roman_glyph_70,Roman+Glyph 70,0.244
