system,worst_case_balanced_accuracy,mean_balanced_accuracy,mean_macro_f1,worst_max_failure_rate,mean_fnr,mean_fpr,mean_predicted_hate_rate,total_parse_failures
normalization_char_tfidf_mlp,0.772,0.7971999999999999,0.7965125775599952,0.312,0.2552,0.15040000000000003,0.4476,0
qwen_lora_normalized_calibrated,0.6719999999999999,0.716,0.7150202466518818,0.396,0.23120000000000002,0.33680000000000004,0.5528,0
char_tfidf_mlp,0.572,0.6988,0.6664544732354136,0.848,0.5359999999999999,0.0664,0.2652,0
koelectra_small,0.544,0.6592,0.6320687916251406,0.88,0.5304,0.1512,0.3104,0
qwen_raw_uncalibrated,0.522,0.5616,0.5101746906104565,0.852,0.1264,0.7503999999999998,0.8119999999999999,0
